X,Y,OBJECTID,FORMULARIO,CODIGO_ACCIDENTE,FECHA_OCURRENCIA_ACC,ANO_OCURRENCIA_ACC,DIRECCION,GRAVEDAD,CLASE_ACC,LOCALIDAD,FECHA_HORA_ACC,LATITUD,LONGITUD,CIV,PK_CALZADA
-74.090923953,4.69380685384595,1,A000640275,4484660,2017/06/12 00:00:00+00,2017,AV AVENIDA BOYACA-CL 79 02,SOLO DANOS,CHOQUE,ENGATIVA,2017/06/12 05:30:00+00,4.69380685,-74.09092395,10006772,221236
-74.121,4.60299999984892,2,A001233353,10533499,2020/11/19 00:00:00+00,2020,CL 26 S- KR 50 02,CON HERIDOS,OTRO,PUENTE ARANDA,2020/11/19 02:05:00+00,4.603,-74.121,16004560,
-74.042,4.68199999984635,4,A001232786,10533629,2020/11/10 00:00:00+00,2020,KR 9 - CL 100 02,SOLO DANOS,CHOQUE,USAQUEN,2020/11/10 13:30:00+00,4.682,-74.042,30001107,
-74.1669374849999,4.5871866868494,7,A000200705,4412699,2015/05/11 00:00:00+00,2015,CL 63A-KR 72 S 02,SOLO DANOS,CHOQUE,CIUDAD BOLIVAR,2015/05/11 10:50:00+00,4.58718669,-74.16693749,19001483,136166
-74.0929008909999,4.60764758184872,8,A000402862,4447845,2016/06/08 00:00:00+00,2016,KR 27-CL 9 14,SOLO DANOS,CHOQUE,LOS MARTIRES,2016/06/08 21:30:00+00,4.60764758,-74.09290089,14000548,239719
-74.042,4.77799999984318,9,A001179874,10533587,2020/08/03 00:00:00+00,2020,AU NORTE - CL 200 02,CON MUERTOS,ATROPELLO,SUBA,2020/08/03 14:05:00+00,4.778,-74.042,1006455,
-74.0558532749999,4.72462598284496,10,A000240105,4424883,2015/09/26 00:00:00+00,2015,KR 52A-CL 137A 35,SOLO DANOS,CHOQUE,SUBA,2015/09/26 18:00:00+00,4.72462598,-74.05585328,11008301,31431
-74.039,4.79599999984262,12,A001233064,10533503,2020/11/23 00:00:00+00,2020,AU NORTE - CL 220 02,SOLO DANOS,OTRO,USAQUEN,2020/11/23 11:50:00+00,4.796,-74.039,,
-74.1105849699999,4.69357845984593,13,A000551010,4468708,2016/12/27 00:00:00+00,2016,CL 69A-KR 89A 02,CON HERIDOS,CHOQUE,ENGATIVA,2016/12/27 19:00:00+00,4.69357846,-74.11058497,10006813,219627
-74.1357656439999,4.65932955384708,15,A000686495,4495519,2017/10/02 00:00:00+00,2017,AV AVENIDA CIUDAD DE CALI-KR 17 2,CON HERIDOS,CHOQUE,FONTIBON,2017/10/02 09:20:00+00,4.65932955,-74.13576564,50008531,272348
-74.051613489,4.70653939284555,17,A22245,4467629,2016/12/16 00:00:00+00,2016,KR 21-CL 127 03,SOLO DANOS,CHOQUE,USAQUEN,2016/12/16 15:00:00+00,4.70653939,-74.05161349,1004358,202250
-74.1129999999999,4.50799999985198,18,A001180302,10533662,2020/09/14 00:00:00+00,2020,KR 12 - CL 81 S 52,CON MUERTOS,ATROPELLO,USME,2020/09/14 21:30:00+00,4.508,-74.113,5003431,
-74.091746078,4.64165432684762,20,A000641417,4493355,2017/09/12 00:00:00+00,2017,KR 50-CL 26 02,SOLO DANOS,CHOQUE,TEUSAQUILLO,2017/09/12 07:53:00+00,4.64165433,-74.09174608,13001016,194626
-74.0769999999999,4.65999999984702,23,A001180467,10533606,2020/08/22 00:00:00+00,2020,KR 30 - CL 64 48,CON MUERTOS,ATROPELLO,BARRIOS UNIDOS,2020/08/22 19:45:00+00,4.66,-74.077,12002271,
-74.1408926,4.52632143085138,25,A000815605,10448175,2018/05/19 00:00:00+00,2018,KR 18-CL 2 02,CON MUERTOS,VOLCAMIENTO,CIUDAD BOLIVAR,2018/05/19 20:00:00+00,4.52632143,-74.1408926,50000366,
-74.128700363,4.65483948484718,28,A000473024,4459693,2016/10/04 00:00:00+00,2016,KR 77-CL 19 02,SOLO DANOS,CHOQUE,FONTIBON,2016/10/04 12:15:00+00,4.65483949,-74.12870036,0,
-74.1129999999999,4.57399999984986,29,A001236422,10530927,2020/12/24 00:00:00+00,2020,TV 13 BIS A - CL 32 S 02,CON HERIDOS,ATROPELLO,RAFAEL URIBE URIBE,2020/12/24 08:55:00+00,4.574,-74.113,18002038,
-74.107,4.5789999998497,30,A001130325,10536544,2020/01/13 00:00:00+00,2020,AV AVENIDA CARACAS - CL 27 S 02,CON HERIDOS,ATROPELLO,RAFAEL URIBE URIBE,2020/01/13 09:40:00+00,4.579,-74.107,18001196,
-74.0588133919999,4.65714915384711,31,A000403683,4448989,2016/06/20 00:00:00+00,2016,KR 11-CL 72 02,SOLO DANOS,CHOQUE,CHAPINERO,2016/06/20 11:50:00+00,4.65714915,-74.05881339,2001059,38023
-74.140634118,4.68186144684635,35,A000816158,10448832,2018/05/23 00:00:00+00,2018,CL 23-KR 104A 2,SOLO DANOS,CHOQUE,FONTIBON,2018/05/23 06:50:00+00,4.68186145,-74.14063412,9001330,214724
-74.158,4.61599999984846,36,A001235699,10533544,2020/12/22 00:00:00+00,2020,TV 78 H - CL 41 S 48,CON MUERTOS,CHOQUE,KENNEDY,2020/12/22 15:30:00+00,4.616,-74.158,8012380,
-74.1729999999999,4.60399999984886,38,A001175820,10533489,2020/05/28 00:00:00+00,2020,KR 78 - CL 57 S 12,CON MUERTOS,ATROPELLO,KENNEDY,2020/05/28 12:45:00+00,4.604,-74.173,30000651,
-74.163,4.62299999984824,39,A001233294,10533579,2020/12/10 00:00:00+00,2020,AK 80 - CL 42 S 74,SOLO DANOS,CHOQUE,KENNEDY,2020/12/10 11:45:00+00,4.623,-74.163,8006166,
-74.146,4.56599999985008,43,A001183932,10533860,2020/10/18 00:00:00+00,2020,CL 64 S- KR 21 02,SOLO DANOS,CHOQUE,CIUDAD BOLIVAR,2020/10/18 22:39:00+00,4.566,-74.146,19005834,
-74.14,4.6949999998459,45,A001185526,10533669,2020/11/10 00:00:00+00,2020,CL 26 - KR 112 02,SOLO DANOS,CHOQUE,FONTIBON,2020/11/10 19:00:00+00,4.695,-74.14,9004111,
-74.1059999999999,4.5899999998493,48,A001235038,10533893,2020/12/06 00:00:00+00,2020,KR 25 - CL 17 S 68,CON HERIDOS,CHOQUE,ANTONIO NARINO,2020/12/06 12:40:00+00,4.59,-74.106,15000553,
-74.156990493,4.63591310884783,49,A000342349,4439456,2016/03/14 00:00:00+00,2016,KR 81C-CL 5A S 02,SOLO DANOS,CHOQUE,KENNEDY,2016/03/14 06:30:00+00,4.63591311,-74.15699049,8003341,226620
-74.0889999999999,4.58599999984947,51,A001234913,10533127,2020/12/05 00:00:00+00,2020,CL 5 S- KR 11 24,CON HERIDOS,CHOQUE,ANTONIO NARINO,2020/12/05 08:56:00+00,4.586,-74.089,15001518,
-74.1573358369999,4.58044063884966,54,A000278665,4431456,2015/12/08 00:00:00+00,2015,KR 51-CL 68 S 02,CON HERIDOS,ATROPELLO,CIUDAD BOLIVAR,2015/12/08 07:30:00+00,4.58044064,-74.15733584,19002092,235169
-74.101679169,4.67051044684668,57,A000553330,4470250,2017/01/18 00:00:00+00,2017,AV AVENIDA DE LA CONSTITUCION-CL 60 02,SOLO DANOS,CHOQUE,ENGATIVA,2017/01/18 08:00:00+00,4.67051045,-74.10167917,10009609,42059
-74.188613346,4.60172479084893,58,A7888,4415867,2015/06/17 00:00:00+00,2015,KR 78C-CL 68A S 02,SOLO DANOS,CHOQUE,BOSA,2015/06/17 23:30:00+00,4.60172479,-74.18861335,7006960,63059
-74.05637597,4.68959145184609,64,A8472,4416604,2015/06/25 00:00:00+00,2015,AK 45-CL 103 02,SOLO DANOS,CHOQUE,USAQUEN,2015/06/25 08:40:00+00,4.68959145,-74.05637597,1005501,51969
-74.143482331,4.63075826284802,65,A000690990,4499886,2017/11/17 00:00:00+00,2017,AV AVENIDA DE LAS AMERICAS-KR 74B 80,SOLO DANOS,CHOQUE,KENNEDY,2017/11/17 14:48:00+00,4.63075826,-74.14348233,50006510,50013118
-74.1229999999999,4.59399999984919,66,A001235597,10533895,2020/12/13 00:00:00+00,2020,AU SUR - CL 38 S 02,CON HERIDOS,CHOQUE,PUENTE ARANDA,2020/12/13 14:45:00+00,4.594,-74.123,16004529,
-74.097,4.56199999985025,69,A001236169,10530921,2020/12/24 00:00:00+00,2020,KR 3 B - CL 32 S 02,CON HERIDOS,CHOQUE,SAN CRISTOBAL,2020/12/24 09:30:00+00,4.562,-74.097,30001374,
-74.131127443,4.69992852784574,70,A7078,4414948,2015/06/07 00:00:00+00,2015,AC 63-KR 110 02,CON HERIDOS,CHOQUE,ENGATIVA,2015/06/07 02:20:00+00,4.69992853,-74.13112744,10005606,220140
-74.086,4.56899999985003,71,A001232704,10533674,2020/11/10 00:00:00+00,2020,KR 3 E- CL 22 S 30,CON HERIDOS,CHOQUE,SAN CRISTOBAL,2020/11/10 07:00:00+00,4.569,-74.086,4000913,
-74.090703844,4.69398202084596,73,A000197994,4409817,2015/04/11 00:00:00+00,2015,AV AVENIDA BOYACA-CL 79A 14,CON HERIDOS,CHOQUE,ENGATIVA,2015/04/11 20:50:00+00,4.69398202,-74.09070384,10006772,221235
-74.032615506,4.69476473184593,75,A12644,4421244,2015/08/19 00:00:00+00,2015,KR 7-CL 117 02,SOLO DANOS,CHOQUE,USAQUEN,2015/08/19 12:30:00+00,4.69476473,-74.03261551,1005149,174698
-74.158,4.59599999984913,77,A001181922,10533663,2020/09/18 00:00:00+00,2020,CL 57 R S- KR 66 55,CON MUERTOS,CHOQUE,CIUDAD BOLIVAR,2020/09/18 17:05:00+00,4.596,-74.158,19000043,
-74.061014439,4.7113100758454,78,A8492,4416424,2015/06/22 00:00:00+00,2015,CL 127-KR 43 02,CON HERIDOS,CHOQUE,SUBA,2015/06/22 16:30:00+00,4.71131008,-74.06101444,50008940,202268
-74.071,4.59099999984931,79,A001233655,10533892,2020/12/05 00:00:00+00,2020,KR 3 E- CL 6 02,CON HERIDOS,CAIDA DE OCUPANTE,CANDELARIA,2020/12/05 09:20:00+00,4.591,-74.071,17000386,
-74.1059999999999,4.62299999984824,80,A001176276,10533485,2020/05/27 00:00:00+00,2020,CL 6 - KR 47 02,CON MUERTOS,CHOQUE,PUENTE ARANDA,2020/05/27 22:45:00+00,4.623,-74.106,,
-74.0939999999999,4.62599999984814,81,A001235561,10532176,2020/12/12 00:00:00+00,2020,CL 20 - TV 39 02,CON MUERTOS,CHOQUE,PUENTE ARANDA,2020/12/12 21:22:00+00,4.626,-74.094,16000396,
-74.141466212,4.65460749284724,82,A000277395,4430218,2015/11/23 00:00:00+00,2015,AV AVENIDA CIUDAD DE CALI-CL 13A 41,SOLO DANOS,CHOQUE,KENNEDY,2015/11/23 19:40:00+00,4.65460749,-74.14146621,8000071,144744
-74.142916202,4.58276999884955,87,A000604736,4480226,2017/05/02 00:00:00+00,2017,AV AVENIDA BOYACA-CL 56A S 02,CON HERIDOS,CAIDA DE OCUPANTE,TUNJUELITO,2017/05/02 17:20:00+00,4.58277,-74.1429162,6001974,234603
-74.0950707919999,4.67673956884651,90,A000690468,4499532,2017/11/10 00:00:00+00,2017,KR 69L-CL 65 69,SOLO DANOS,CHOQUE,ENGATIVA,2017/11/10 10:30:00+00,4.67673957,-74.09507079,10008995,224493
-74.0924981379999,4.60406575484884,91,A000475861,4463345,2016/11/05 00:00:00+00,2016,CL 7-KR 24 02,SOLO DANOS,CHOQUE,LOS MARTIRES,2016/11/05 06:40:00+00,4.60406576,-74.09249814,14000733,54739
-74.1380004219999,4.61700877484844,93,A000815365,10448605,2018/05/21 00:00:00+00,2018,AV AVENIDA PRIMERO DE MAYO-KR 71F 2,SOLO DANOS,CHOQUE,KENNEDY,2018/05/21 17:30:00+00,4.61700877,-74.13800042,8007649,195950
-74.0538242009999,4.66435433684688,99,A13233,4421365,2015/08/20 00:00:00+00,2015,KR 11-CL 80 02,SOLO DANOS,CHOQUE,CHAPINERO,2015/08/20 16:30:00+00,4.66435434,-74.0538242,2000841,197785
-74.152605192,4.62957710884801,105,A4201,4407878,2015/03/18 00:00:00+00,2015,KR 79A-CL 26 S 10,CON HERIDOS,CHOQUE,KENNEDY,2015/03/18 06:35:00+00,4.62957711,-74.15260519,8004799,231178
-74.0532489289999,4.65813348984712,110,A000284282,4427766,2015/10/27 00:00:00+00,2015,KR 7-CL 75 04,SOLO DANOS,CHOQUE,CHAPINERO,2015/10/27 08:00:00+00,4.65813349,-74.05324893,2001031,39362
-74.112622105,4.6515754408473,111,A14743,4426438,2015/10/12 00:00:00+00,2015,KR 68D-CL 22B 71,SOLO DANOS,CHOQUE,FONTIBON,2015/10/12 17:15:00+00,4.65157544,-74.11262211,9003886,228695
-74.119820058,4.6734135048466,114,A000603583,4479754,2017/04/25 00:00:00+00,2017,KR 85-CL 25F 02,SOLO DANOS,CHOQUE,FONTIBON,2017/04/25 16:00:00+00,4.6734135,-74.11982006,9002417,222875
-74.1129229809999,4.58013001884961,116,A000648144,4490724,2017/08/17 00:00:00+00,2017,CL 31B-KR 21A S 12,CON HERIDOS,CHOQUE,RAFAEL URIBE URIBE,2017/08/17 17:20:00+00,4.58013002,-74.11292298,18000997,133220
-74.08619735,4.66849642984678,117,A000693174,4502748,2017/12/11 00:00:00+00,2017,CL 65-KR 62 2,SOLO DANOS,CHOQUE,BARRIOS UNIDOS,2017/12/11 08:30:00+00,4.66849643,-74.08619735,0,
-74.154500059,4.5753527378498,119,A20228,4466118,2016/12/04 00:00:00+00,2016,AV AVENIDA CIUDAD DE VILLAVICENCIO-KR 46A 02,CON HERIDOS,ATROPELLO,CIUDAD BOLIVAR,2016/12/04 21:40:00+00,4.57535274,-74.15450006,19003286,242454
-74.051520738,4.6956493758459,127,A000555209,4472710,2017/02/11 00:00:00+00,2017,KR 19B-CL 109 02,SOLO DANOS,CHOQUE,USAQUEN,2017/02/11 11:58:00+00,4.69564938,-74.05152074,1005087,50251
-74.0679388199999,4.62295814784827,128,A000476531,4462518,2016/10/31 00:00:00+00,2016,KR 13-CL 35 02,CON HERIDOS,CHOQUE,SANTA FE,2016/10/31 20:00:00+00,4.62295815,-74.06793882,3000037,192480
-74.084168749,4.69356637184592,129,A000691360,4499933,2017/11/17 00:00:00+00,2017,KR 70-CL 87 2,SOLO DANOS,CHOQUE,ENGATIVA,2017/11/17 20:20:00+00,4.69356637,-74.08416875,50003334,
-74.0927671489999,4.67682568484648,130,A20388,4466474,2016/12/05 00:00:00+00,2016,CL 67-KR 69B 02,SOLO DANOS,CHOQUE,ENGATIVA,2016/12/05 11:00:00+00,4.67682568,-74.09276715,10008899,224584
-74.063132257,4.75868184784382,132,A3986,4407706,2015/03/15 00:00:00+00,2015,CL 170-KR 68 20,SOLO DANOS,CHOQUE,SUBA,2015/03/15 08:37:00+00,4.75868185,-74.06313226,11000559,1439
-74.0971488129999,4.68449534484627,133,A000338739,4444058,2016/05/03 00:00:00+00,2016,AV AVENIDA BOYACA-CL 69B 02,SOLO DANOS,CHOQUE,ENGATIVA,2016/05/03 19:00:00+00,4.68449535,-74.09714881,10010137,224906
-74.142851687,4.63126881984799,135,A000642896,4491610,2017/08/26 00:00:00+00,2017,AV AVENIDA DE LAS AMERICAS-KR 74 02,CON MUERTOS,CHOQUE,KENNEDY,2017/08/26 08:00:00+00,4.63126882,-74.14285169,50006510,50013126
-74.09582505,4.62245373984824,139,A000764186,4513446,2018/04/03 00:00:00+00,2018,AK 39-CL 17A 02,CON HERIDOS,CHOQUE,PUENTE ARANDA,2018/04/03 18:55:00+00,4.62245374,-74.09582505,16000691,229323
-74.1189680909999,4.62242505884824,140,A000646153,4488703,2017/07/26 00:00:00+00,2017,CL 4B-KR 57A 02,CON HERIDOS,CHOQUE,PUENTE ARANDA,2017/07/26 17:00:00+00,4.62242506,-74.11896809,16000711,141530
-74.184881267,4.600423270849,142,A000815262,10447441,2018/05/09 00:00:00+00,2018,CL 65F-KR 78A S 2,CON HERIDOS,VOLCAMIENTO,BOSA,2018/05/09 21:00:00+00,4.60042327,-74.18488127,7007282,56789
-74.143131603,4.71004576384539,146,A000474702,4460965,2016/10/14 00:00:00+00,2016,CL 63B-KR 118A 02,SOLO DANOS,CHOQUE,ENGATIVA,2016/10/14 15:00:00+00,4.71004576,-74.1431316,10002740,24976
-74.138793256,4.55897359485033,148,A000408096,4453207,2016/08/03 00:00:00+00,2016,AV AVENIDA BOYACA-CL 61 S 02,SOLO DANOS,CHOQUE,CIUDAD BOLIVAR,2016/08/03 23:10:00+00,4.5589736,-74.13879326,19007170,247691
-74.114509729,4.61550612284849,150,A000553141,4473859,2017/02/24 00:00:00+00,2017,CL 3-KR 50 02,CON HERIDOS,CHOQUE,PUENTE ARANDA,2017/02/24 07:40:00+00,4.61550612,-74.11450973,50006464,50016858
-74.092291232,4.55077434585057,157,A000688210,4497375,2017/10/23 00:00:00+00,2017,CL 40-KR 4 SE 02,SOLO DANOS,CHOQUE,SAN CRISTOBAL,2017/10/23 06:50:00+00,4.55077435,-74.09229123,4003871,130414
-74.03365955,4.71819362984513,161,A000764816,4513651,2018/04/04 00:00:00+00,2018,CL 140-KR 9 2,SOLO DANOS,CHOQUE,USAQUEN,2018/04/04 17:59:00+00,4.71819363,-74.03365955,50007398,268735
-74.073037348,4.64399316284758,165,A000648061,4490345,2017/08/12 00:00:00+00,2017,TR 24-DG 53D 02,CON HERIDOS,CHOQUE,TEUSAQUILLO,2017/08/12 22:15:00+00,4.64399316,-74.07303735,13000835,32428
-74.158395946,4.63888865284772,168,A1467,4405144,2015/02/15 00:00:00+00,2015,AV AVENIDA CIUDAD DE CALI-CL 1B S 27,SOLO DANOS,CHOQUE,KENNEDY,2015/02/15 14:30:00+00,4.63888865,-74.15839595,50006513,50015353
-74.084918167,4.73786296084453,172,A000605353,4481506,2017/05/12 00:00:00+00,2017,CL 145-KR 91 02,SOLO DANOS,CHOQUE,SUBA,2017/05/12 06:45:00+00,4.73786296,-74.08491817,11005573,50013478
-74.098203629,4.75364969784401,173,A000551932,4468966,2016/12/30 00:00:00+00,2016,CL 151C-KR 109A 02,SOLO DANOS,CHOQUE,SUBA,2016/12/30 11:00:00+00,4.7536497,-74.09820363,50003493,
-74.0594156889999,4.70750061584551,177,A000687336,4496414,2017/10/13 00:00:00+00,2017,CL 127-KR 51 02,SOLO DANOS,CHOQUE,SUBA,2017/10/13 08:10:00+00,4.70750062,-74.05941569,11010423,202273
-74.1024962339999,4.58575195084943,180,A000281115,4433937,2016/01/10 00:00:00+00,2016,KR 22-CL 18 S 19,SOLO DANOS,CHOQUE,ANTONIO NARINO,2016/01/10 11:00:00+00,4.58575195,-74.10249623,15001041,240565
-74.1044663069999,4.6128130378486,185,A17123,4455647,2016/08/26 00:00:00+00,2016,CL 6-KR 36 02,SOLO DANOS,CHOQUE,PUENTE ARANDA,2016/08/26 14:10:00+00,4.61281304,-74.10446631,30000780,52900
-74.118684134,4.58858013484935,187,A000405790,4452617,2016/07/27 00:00:00+00,2016,CL 35-KR 26H S 02,SOLO DANOS,CHOQUE,RAFAEL URIBE URIBE,2016/07/27 14:18:00+00,4.58858013,-74.11868413,18007066,239690
-74.137442789,4.67913822184643,188,A20934,4467088,2016/12/10 00:00:00+00,2016,KR 100-CL 23 46,SOLO DANOS,CHOQUE,FONTIBON,2016/12/10 06:30:00+00,4.67913822,-74.13744279,9001764,201372
-74.145500974,4.69044170484607,189,A000692564,4505216,2018/01/11 00:00:00+00,2018,CL 24-KR 116 02,SOLO DANOS,CHOQUE,FONTIBON,2018/01/11 08:53:00+00,4.69044171,-74.14550097,9000437,
-74.185436523,4.63916203384771,190,A000688659,4497478,2017/10/25 00:00:00+00,2017,KR 95A-CL 50B S 02,CON HERIDOS,CAIDA DE OCUPANTE,BOSA,2017/10/25 19:10:00+00,4.63916203,-74.18543652,50006585,50017206
-74.0448579069999,4.752578032844,193,A000346562,4442418,2016/04/16 00:00:00+00,2016,CL 172A-KR 41 02,SOLO DANOS,CHOQUE,USAQUEN,2016/04/16 19:49:00+00,4.75257803,-74.04485791,1001316,5140
-74.138649874,4.61317269184855,194,A000764110,4514596,2018/04/12 00:00:00+00,2018,CL 36-KR 69C S 02,SOLO DANOS,CHOQUE,KENNEDY,2018/04/12 18:15:00+00,4.61317269,-74.13864987,8008551,214624
-74.090320021,4.69446430584592,196,A000403308,4448128,2016/06/10 00:00:00+00,2016,KR 72-CL 79 02,SOLO DANOS,CHOQUE,ENGATIVA,2016/06/10 20:30:00+00,4.69446431,-74.09032002,10006772,221235
-74.131283008,4.66697768484683,197,A000276279,4429032,2015/11/10 00:00:00+00,2015,CL 22-KR 87A 62,SOLO DANOS,CHOQUE,FONTIBON,2015/11/10 09:45:00+00,4.66697769,-74.13128301,9003211,199747
-74.068094629,4.73077434584472,198,A000472243,4458577,2016/09/25 00:00:00+00,2016,AV AVENIDA BOYACA-CL 142 02,CON HERIDOS,ATROPELLO,SUBA,2016/09/25 17:20:00+00,4.73077435,-74.06809463,11012324,173668
-74.1374848899999,4.55524201985044,202,A000690576,4499478,2017/11/13 00:00:00+00,2017,CL 64-KR 17C 02,SOLO DANOS,CHOQUE,CIUDAD BOLIVAR,2017/11/13 11:40:00+00,4.55524202,-74.13748489,19012683,248479
-74.057179885,4.6848789838462,203,A000402412,4448666,2016/06/16 00:00:00+00,2016,AK 20-CL 97 02,SOLO DANOS,CHOQUE,CHAPINERO,2016/06/16 16:00:00+00,4.68487898,-74.05717989,2000056,35854
-74.179006162,4.62491297284819,205,A000642512,4491361,2017/08/23 00:00:00+00,2017,KR 86A-CL 52 02,SOLO DANOS,CHOQUE,BOSA,2017/08/23 17:00:00+00,4.62491297,-74.17900616,7001845,230920
-74.1045564469999,4.61421963884854,208,A000695708,4505947,2018/01/19 00:00:00+00,2018,AV AVENIDA DE LOS COMUNEROS-KR 38 2,SOLO DANOS,CHOQUE,PUENTE ARANDA,2018/01/19 18:00:00+00,4.61421964,-74.10455645,16001709,52904
-74.064567294,4.63390938384789,210,A000343511,4439572,2016/03/16 00:00:00+00,2016,KR 8-CL 47 02,CON HERIDOS,CHOQUE,CHAPINERO,2016/03/16 17:40:00+00,4.63390938,-74.06456729,2001850,193345
-74.032322721,4.69606853184584,212,A000553812,4471203,2017/01/28 00:00:00+00,2017,CL 119-KR 7 24,SOLO DANOS,CHOQUE,USAQUEN,2017/01/28 14:00:00+00,4.69606853,-74.03232272,1005061,174685
-74.043988358,4.67089324084668,223,A000346906,4442855,2016/04/21 00:00:00+00,2016,KR 7-CL 91 02,SOLO DANOS,CHOQUE,CHAPINERO,2016/04/21 13:00:00+00,4.67089324,-74.04398836,2000612,34924
-74.1038641499999,4.70899195784547,225,A2100,4405343,2015/02/20 00:00:00+00,2015,TR 94-CL 82C 02,CON HERIDOS,CHOQUE,ENGATIVA,2015/02/20 23:55:00+00,4.70899196,-74.10386415,10003179,17936
-74.054080771,4.65341728484725,229,A14040,4421964,2015/08/27 00:00:00+00,2015,KR 5-CL 71 24,SOLO DANOS,CHOQUE,CHAPINERO,2015/08/27 08:00:00+00,4.65341728,-74.05408077,2001192,36817
-74.093065763,4.69773593084583,230,A000281499,4434784,2016/01/22 00:00:00+00,2016,CL 80-KR 76 51,SOLO DANOS,CHOQUE,ENGATIVA,2016/01/22 15:20:00+00,4.69773593,-74.09306576,10006098,221268
-74.0945628109999,4.57589294684979,239,A000693071,4501974,2017/12/05 00:00:00+00,2017,AV AVENIDA PRIMERO DE MAYO-KR 10 02,SOLO DANOS,CHOQUE,ANTONIO NARINO,2017/12/05 13:20:00+00,4.57589295,-74.09456281,15001430,93977
-74.137772169,4.63064140284798,241,A000553647,4470740,2017/01/24 00:00:00+00,2017,AV AVENIDA DE LAS AMERICAS-KR 72 02,SOLO DANOS,CHOQUE,KENNEDY,2017/01/24 11:45:00+00,4.6306414,-74.13777217,50008329,50013138
-74.0508695889999,4.69360634684597,242,A000551938,4468964,2016/12/30 00:00:00+00,2016,KR 19-CL 106A 02,SOLO DANOS,CHOQUE,USAQUEN,2016/12/30 20:00:00+00,4.69360635,-74.05086959,1005228,52007
-74.171230919,4.62426026484819,244,A000553353,4470313,2017/01/18 00:00:00+00,2017,CL 46-KR 81H S 02,SOLO DANOS,CHOQUE,KENNEDY,2017/01/18 13:50:00+00,4.62426026,-74.17123092,8005946,245294
-74.1336491759999,4.54022382685093,248,A000555581,4473120,2017/02/17 00:00:00+00,2017,AV AVENIDA BOYACA-KR 15D 02,SOLO DANOS,CHOQUE,CIUDAD BOLIVAR,2017/02/17 15:00:00+00,4.54022383,-74.13364918,19011427,151540
-74.123600871,4.57496421184981,250,A000756222,4505170,2018/01/11 00:00:00+00,2018,AV AVENIDA CARACAS-CL 44 S 2,CON HERIDOS,CHOQUE,RAFAEL URIBE URIBE,2018/01/11 21:30:00+00,4.57496421,-74.12360087,18001855,99047
-74.0934799039999,4.68026812984639,251,A000199686,4411392,2015/04/28 00:00:00+00,2015,CL 69-KR 66 02,CON HERIDOS,CHOQUE,ENGATIVA,2015/04/28 07:00:00+00,4.68026813,-74.0934799,10008483,224225
-74.099451121,4.74861735084417,254,A000644328,4492894,2017/09/08 00:00:00+00,2017,CL 145-KR 109C 2,CON HERIDOS,ATROPELLO,SUBA,2017/09/08 05:40:00+00,4.74861735,-74.09945112,50007355,50013390
-74.0548786049999,4.66698379184682,258,A11933,4420247,2015/08/06 00:00:00+00,2015,KR 13-CL 82 02,CON HERIDOS,CHOQUE,CHAPINERO,2015/08/06 07:50:00+00,4.66698379,-74.05487861,2000739,39517
-74.11170928,4.68158451984635,264,A000758581,4508580,2018/02/15 00:00:00+00,2018,CL 63-KR 5 2,SOLO DANOS,CHOQUE,ENGATIVA,2018/02/15 10:20:00+00,4.68158452,-74.11170928,50007049,50012254
-74.191106063,4.63037132084799,269,A000759038,4509258,2018/02/20 00:00:00+00,2018,CL 58-KR 89B S 02,SOLO DANOS,CHOQUE,BOSA,2018/02/20 15:33:00+00,4.63037132,-74.19110606,7000863,242881
-74.150574085,4.66944906084671,270,A000755803,4505306,2018/01/12 00:00:00+00,2018,KR 100-CL 16A 02,SOLO DANOS,CHOQUE,FONTIBON,2018/01/12 08:00:00+00,4.66944906,-74.15057409,9002829,
-74.0654096499999,4.67529654984654,278,A000761324,4510438,2018/03/05 00:00:00+00,2018,AK 30-CL 85A 39,CON HERIDOS,CHOQUE,BARRIOS UNIDOS,2018/03/05 23:10:00+00,4.67529655,-74.06540965,12000861,37184
-74.0196257389999,4.66956601384674,280,A17487,4456583,2016/09/05 00:00:00+00,2016,CL 100-KR 9 E 02,CON HERIDOS,ATROPELLO,CHAPINERO,2016/09/05 16:20:00+00,4.66956601,-74.01962574,1005965,34352
-74.0892613089999,4.60879301984872,281,A000692136,4501083,2017/11/28 00:00:00+00,2017,KR 24-CL 12 02,SOLO DANOS,CHOQUE,LOS MARTIRES,2017/11/28 22:40:00+00,4.60879302,-74.08926131,14000489,54725
-74.050907208,4.66878568784678,283,A000400141,4445064,2016/05/13 00:00:00+00,2016,KR 11-CL 85 41,CON HERIDOS,CHOQUE,CHAPINERO,2016/05/13 07:48:00+00,4.66878569,-74.05090721,2000699,36525
-74.100933018,4.57450612484981,285,A13487,4421477,2015/08/22 00:00:00+00,2015,CL 27-KR 12 S 02,CON HERIDOS,ATROPELLO,RAFAEL URIBE URIBE,2015/08/22 12:00:00+00,4.57450613,-74.10093302,18006890,93535
-74.121820624,4.68646504384618,289,A000644847,4494393,2017/09/22 00:00:00+00,2017,KR 93-CL 52 02,SOLO DANOS,CHOQUE,ENGATIVA,2017/09/22 12:45:00+00,4.68646504,-74.12182062,9004158,170728
-74.143672062,4.5848395248495,293,A000476776,4463107,2016/11/05 00:00:00+00,2016,CL 56A-KR 36A S 02,CON HERIDOS,CHOQUE,TUNJUELITO,2016/11/05 09:10:00+00,4.58483953,-74.14367206,6001842,234597
-74.0707925299999,4.70360278184565,302,A000347841,4444063,2016/04/02 00:00:00+00,2016,AV AVENIDA SUBA-CL 118 02,SOLO DANOS,CHOQUE,SUBA,2016/04/02 07:30:00+00,4.70360278,-74.07079253,11010654,50013668
-74.1206814,4.68702259984615,304,A000201314,4413441,2015/05/20 00:00:00+00,2015,TR 93-CL 52A 96,CON HERIDOS,CHOQUE,ENGATIVA,2015/05/20 14:15:00+00,4.6870226,-74.1206814,9004158,170728
-74.0784701059999,4.69195267784601,306,A000407968,4452689,2016/07/28 00:00:00+00,2016,KR 70-CL 96 02,SOLO DANOS,CHOQUE,SUBA,2016/07/28 09:05:00+00,4.69195268,-74.07847011,11011403,221488
-74.112952756,4.65426079584725,308,A000812566,10447653,2018/05/11 00:00:00+00,2018,DG 23B-KR 69 02,SOLO DANOS,CHOQUE,FONTIBON,2018/05/11 16:30:00+00,4.6542608,-74.11295276,9003791,228430
-74.134763828,4.68209416184633,309,A7649,4415678,2015/06/12 00:00:00+00,2015,AV AVENIDA LUIS CARLOS GALAN-KR 101 02,SOLO DANOS,CHOQUE,FONTIBON,2015/06/12 20:10:00+00,4.68209416,-74.13476383,9001394,201537
-74.0509913399999,4.65328026884726,315,A000692536,4501234,2017/11/28 00:00:00+00,2017,AV AVENIDA CIRCUNVALAR-CL 72 02,SOLO DANOS,CHOQUE,CHAPINERO,2017/11/28 18:15:00+00,4.65328027,-74.05099134,2001167,35786
-74.107239685,4.64826447784742,316,A000201288,4413246,2015/05/18 00:00:00+00,2015,KR 68-CL 23 02,SOLO DANOS,CHOQUE,TEUSAQUILLO,2015/05/18 21:30:00+00,4.64826448,-74.10723969,9004298,33000
-74.103646845,4.75065624984407,317,A10654,4418712,2015/07/21 00:00:00+00,2015,CL 145-KR 114D 02,CON HERIDOS,ATROPELLO,SUBA,2015/07/21 09:50:00+00,4.75065625,-74.10364685,11002064,8889
-74.072603264,4.63003739684799,318,A000644351,4493139,2017/09/09 00:00:00+00,2017,CL 40-KR 19 02,SOLO DANOS,CHOQUE,TEUSAQUILLO,2017/09/09 13:30:00+00,4.6300374,-74.07260326,13001862,212766
-74.137452614,4.6329993608479,320,A000643083,4492880,2017/09/05 00:00:00+00,2017,AV AVENIDA BOYACA-CL 7 02,SOLO DANOS,CHOQUE,KENNEDY,2017/09/05 08:30:00+00,4.63299936,-74.13745261,8003644,142748
-74.0615434549999,4.660752222847,321,A000476062,4462869,2016/11/03 00:00:00+00,2016,AV AVENIDA CARACAS-CL 73 02,SOLO DANOS,CHOQUE,CHAPINERO,2016/11/03 11:40:00+00,4.66075222,-74.06154346,2000979,39184
-74.153916193,4.67797839184646,325,A10184,4418342,2015/07/16 00:00:00+00,2015,AV AVENIDA CENTENARIO-KR 111A 02,SOLO DANOS,CHOQUE,FONTIBON,2015/07/16 13:45:00+00,4.67797839,-74.15391619,9001876,200990
-74.119387471,4.67919104184644,326,A2478,4406033,2015/02/28 00:00:00+00,2015,AC 26-KR 86 02,CON HERIDOS,CHOQUE,ENGATIVA,2015/02/28 04:40:00+00,4.67919104,-74.11938747,9004423,3
-74.077677861,4.65290816484727,328,A000760859,4507874,2018/02/09 00:00:00+00,2018,CL 63A-KR 28A 74,SOLO DANOS,CHOQUE,BARRIOS UNIDOS,2018/02/09 08:00:00+00,4.65290816,-74.07767786,12002684,31269
-74.0831209689999,4.62880124984805,330,A000041382,4403277,2015/01/27 00:00:00+00,2015,KR 32A-CL 25B 75,SOLO DANOS,CHOQUE,TEUSAQUILLO,2015/01/27 07:00:00+00,4.62880125,-74.08312097,13002000,138938
-74.068168807,4.73058422484473,333,A11148,4419396,2015/07/27 00:00:00+00,2015,AV AVENIDA BOYACA-CL 139 02,SOLO DANOS,CHOQUE,SUBA,2015/07/27 16:30:00+00,4.73058422,-74.06816881,11012324,173668
-74.165,4.63299999984791,334,A001235389,10533573,2020/12/10 00:00:00+00,2020,KR 86 - CL 40 S 02,SOLO DANOS,CHOQUE,KENNEDY,2020/12/10 09:30:00+00,4.633,-74.165,8004108,
-74.1539999999999,4.53899999985097,336,A001232508,10533620,2020/11/21 00:00:00+00,2020,KR 24 - CL 78 S 02,CON MUERTOS,ATROPELLO,CIUDAD BOLIVAR,2020/11/21 08:33:00+00,4.539,-74.154,50000561,
-74.157525189,4.61619388184848,340,A000342716,4438272,2016/03/02 00:00:00+00,2016,AV AVENIDA PRIMERO DE MAYO-KR 41B S 02,CON HERIDOS,ATROPELLO,KENNEDY,2016/03/02 22:40:00+00,4.61619388,-74.15752519,8012382,231359
-74.148,4.55099999985058,342,A001178502,10535460,2020/07/18 00:00:00+00,2020,CL 69 S- KR 18 02,SOLO DANOS,VOLCAMIENTO,CIUDAD BOLIVAR,2020/07/18 07:51:00+00,4.551,-74.148,50004846,
-74.157,4.6829999998463,344,A001177541,10535411,2020/06/24 00:00:00+00,2020,AC 17 - KR 116 02,CON HERIDOS,CHOQUE,FONTIBON,2020/06/24 14:40:00+00,4.683,-74.157,9001178,
-74.108622494,4.69788169084578,347,A000603698,4479713,2017/04/26 00:00:00+00,2017,CL 72-KR 90 02,CON HERIDOS,ATROPELLO,ENGATIVA,2017/04/26 12:30:00+00,4.69788169,-74.10862249,10006054,220266
-74.1729999999999,4.67799999984646,348,A001178000,10533486,2020/07/03 00:00:00+00,2020,CL 13 - KR 120 02,CON MUERTOS,VOLCAMIENTO,FONTIBON,2020/07/03 13:15:00+00,4.678,-74.173,9001922,
-74.065234295,4.71292441584529,355,A000605350,4480525,2017/05/04 00:00:00+00,2017,KR 56-CL 127D 02,CON HERIDOS,CHOQUE,SUBA,2017/05/04 18:00:00+00,4.71292442,-74.0652343,11010130,171900
-74.05528205,4.72353041784498,356,A000693985,4503251,2017/12/16 00:00:00+00,2017,KR 50-CL 137 02,SOLO DANOS,CHOQUE,SUBA,2017/12/16 02:00:00+00,4.72353042,-74.05528205,11008518,174144
-74.07319925,4.66766570784682,360,A000649135,4487124,2017/07/11 00:00:00+00,2017,KR 30-CL 72 02,CON MUERTOS,ATROPELLO,BARRIOS UNIDOS,2017/07/11 09:30:00+00,4.66766571,-74.07319925,50006891,50013339
-74.0665708779999,4.59054947884932,361,A000598631,4474602,2017/03/03 00:00:00+00,2017,KR 7-CL 9A E 24,CON HERIDOS,CHOQUE,SANTA FE,2017/03/03 20:40:00+00,4.59054948,-74.06657088,3001018,100894
-74.121,4.58899999984936,364,A001179959,10533591,2020/08/05 00:00:00+00,2020,KR 27 - CL 37 S 02,CON MUERTOS,ATROPELLO,RAFAEL URIBE URIBE,2020/08/05 19:07:00+00,4.589,-74.121,18000047,
-74.102,4.59399999984919,366,A001234291,10533890,2020/12/01 00:00:00+00,2020,CL 11 S- KR 26 02,CON HERIDOS,CHOQUE,ANTONIO NARINO,2020/12/01 13:40:00+00,4.594,-74.102,15000180,
-74.085276284,4.57763409184972,367,A001236358,10530794,2020/12/29 00:00:00+00,2020,CL 11 S- KR 5 02,SOLO DANOS,CHOQUE,SAN CRISTOBAL,2020/12/29 18:10:00+00,4.57763409,-74.08527628,4000336,
-74.092,4.57999999984964,368,A001236104,10530925,2020/12/24 00:00:00+00,2020,KR 10 - CL 14 S 24,CON HERIDOS,CHOQUE,ANTONIO NARINO,2020/12/24 05:30:00+00,4.58,-74.092,15001350,
-74.113037876,4.68566655484623,370,A16444,4455040,2016/08/20 00:00:00+00,2016,KR 86-CL 64CBIS 02,SOLO DANOS,CHOQUE,ENGATIVA,2016/08/20 20:30:00+00,4.68566656,-74.11303788,50008873,50015415
-74.179,4.59699999984908,371,A001232825,10533622,2020/11/10 00:00:00+00,2020,AU SUR - CL 63 S 02,SOLO DANOS,CHOQUE,BOSA,2020/11/10 14:40:00+00,4.597,-74.179,19013020,
-74.162,4.60299999984892,372,A001180064,10533594,2020/08/09 00:00:00+00,2020,AV AVENIDA CIUDAD DE VILLAVICENCIO - CL 54 S 02,CON MUERTOS,ATROPELLO,BOSA,2020/08/09 23:20:00+00,4.603,-74.162,50006292,
-74.1059999999999,4.61699999984847,373,A001181115,10533619,2020/08/30 00:00:00+00,2020,KR 41 A - CL 6 02,CON MUERTOS,CHOQUE,PUENTE ARANDA,2020/08/30 08:00:00+00,4.617,-74.106,16001368,
-74.062338279,4.73049199484472,380,A000200125,4412260,2015/05/06 00:00:00+00,2015,CL 145-KR 57 02,SOLO DANOS,CHOQUE,SUBA,2015/05/06 19:45:00+00,4.730492,-74.06233828,11007117,173640
-74.1539999999999,4.57299999984986,381,A001241195,10534554,2021/03/01 00:00:00+00,2021,DG 68 A S- KR 44 16,CON HERIDOS,ATROPELLO,CIUDAD BOLIVAR,2021/03/01 17:35:00+00,4.573,-74.154,0,
-74.118009732,4.62489408584818,384,A2609,4406124,2015/02/25 00:00:00+00,2015,KR 60-CL 4G 02,SOLO DANOS,CHOQUE,PUENTE ARANDA,2015/02/25 19:30:00+00,4.62489409,-74.11800973,16000481,141196
-74.0709352109999,4.72614255884488,386,A4409,4408294,2015/03/24 00:00:00+00,2015,AV AVENIDA BOYACA-CL 134 02,CON HERIDOS,CHOQUE,SUBA,2015/03/24 06:00:00+00,4.72614256,-74.07093521,11012308,214126
-74.16,4.58499999984947,387,A001239473,10531590,2021/01/27 00:00:00+00,2021,AV AVENIDA CIUDAD DE VILLAVICENCIO - TV 70 02,CON HERIDOS,CHOQUE,CIUDAD BOLIVAR,2021/01/27 18:35:00+00,4.585,-74.16,19001590,
-74.114952839,4.61415300484853,391,A000281266,4433781,2016/01/08 00:00:00+00,2016,KR 50-CL 2F 10,CON HERIDOS,CHOQUE,PUENTE ARANDA,2016/01/08 07:45:00+00,4.614153,-74.11495284,16004556,194973
-74.1369999999999,4.55399999985047,393,A001240002,10532734,2021/02/07 00:00:00+00,2021,TV 17 - DG 65 S 43,CON HERIDOS,CHOQUE,CIUDAD BOLIVAR,2021/02/07 14:40:00+00,4.554,-74.137,19007986,
-74.1489999999999,4.55999999985031,395,A001296695,10537191,2021/04/02 00:00:00+00,2021,CL 68 S- KR 19 02,SOLO DANOS,CHOQUE,CIUDAD BOLIVAR,2021/04/02 05:36:00+00,4.56,-74.149,19006902,
-74.0805125109999,4.67321103584662,396,A000604606,4481593,2017/05/12 00:00:00+00,2017,CL 72-KR 61 02,SOLO DANOS,CHOQUE,BARRIOS UNIDOS,2017/05/12 18:09:00+00,4.67321104,-74.08051251,12001086,43253
-74.136812643,4.6366614578478,397,A000689447,4498585,2017/11/04 00:00:00+00,2017,AV AVENIDA BOYACA-CL 8 39,SOLO DANOS,CHOQUE,KENNEDY,2017/11/04 02:00:00+00,4.63666146,-74.13681264,8003265,196509
-74.1096426079999,4.59589618484915,398,A1541,4405062,2015/02/17 00:00:00+00,2015,CL 17-KR 29D S 04,CON HERIDOS,ATROPELLO,ANTONIO NARINO,2015/02/17 18:10:00+00,4.59589619,-74.10964261,15000054,235845
-74.165,4.57399999984986,399,A001304194,10544353,2021/07/11 00:00:00+00,2021,KR 48 A A - CL 73 C S 38,SOLO DANOS,CHOQUE,CIUDAD BOLIVAR,2021/07/11 19:00:00+00,4.574,-74.165,19003703,
-74.0777515139999,4.62237643584825,400,A000400795,4445850,2016/05/19 00:00:00+00,2016,CL 26-KR 24 28,CON HERIDOS,CHOQUE,TEUSAQUILLO,2016/05/19 11:05:00+00,4.62237644,-74.07775151,50008264,1
-74.157,4.57999999984964,401,A001341651,10548774,2021/09/03 00:00:00+00,2021,AV AVENIDA CIUDAD DE VILLAVICENCIO - CL 61  S 02,SOLO DANOS,CHOQUE,CIUDAD BOLIVAR,2021/09/03 22:00:00+00,4.58,-74.157,19002092,
-74.146,4.56899999985003,402,A001340011,10547986,2021/08/27 00:00:00+00,2021,KR 22 G  - CL 61  S 02,SOLO DANOS,CHOQUE,CIUDAD BOLIVAR,2021/08/27 20:40:00+00,4.569,-74.146,19005255,
-74.15684074,4.59260508084923,405,A001301113,10542264,2021/06/13 00:00:00+00,2021,CL 60 A  S- KR 66  02,CON HERIDOS,CHOQUE,CIUDAD BOLIVAR,2021/06/13 15:45:00+00,4.59260508,-74.15684074,19000379,
-74.033051198,4.69432353584595,406,A000646104,4489419,2017/08/02 00:00:00+00,2017,KR 7-CL 116 2,CON HERIDOS,CHOQUE,USAQUEN,2017/08/02 12:00:00+00,4.69432354,-74.0330512,1006511,174697
-74.09378723,4.56746009585006,408,A000408777,4453394,2016/08/05 00:00:00+00,2016,CL 27A-KR 3 S 02,CON HERIDOS,ATROPELLO,SAN CRISTOBAL,2016/08/05 20:40:00+00,4.5674601,-74.09378723,4001126,130664
-74.055067063,4.72140928884506,412,A17466,4457232,2016/09/11 00:00:00+00,2016,KR 49-CL 134D 02,SOLO DANOS,CHOQUE,SUBA,2016/09/11 16:40:00+00,4.72140929,-74.05506706,11008931,202490
-74.152,4.58099999984964,413,A001296941,10537353,2021/04/04 00:00:00+00,2021,KR 51 - CL 58 S 02,SOLO DANOS,CHOQUE,CIUDAD BOLIVAR,2021/04/04 13:30:00+00,4.581,-74.152,19002064,
-74.1317963129999,4.64532383984753,414,A000763441,4516364,2018/04/29 00:00:00+00,2018,AV AVENIDA BOYACA-CL 12 2,SOLO DANOS,CHOQUE,KENNEDY,2018/04/29 07:11:00+00,4.64532384,-74.13179631,8001092,33200
-74.146,4.56899999985003,416,A001239226,10534261,2021/02/26 00:00:00+00,2021,CL 61 S- KR 22 02,SOLO DANOS,CHOQUE,CIUDAD BOLIVAR,2021/02/26 10:40:00+00,4.569,-74.146,19005255,
-74.1510716779999,4.58062463384964,417,A001241415,10534818,2021/03/05 00:00:00+00,2021,AV AVENIDA JORGE GAITAN CORTES - CL 58 S 02,CON HERIDOS,CHOQUE,CIUDAD BOLIVAR,2021/03/05 20:45:00+00,4.58062463,-74.15107168,19002127,
-74.076574738,4.58226910084959,420,A6148,4414216,2015/05/30 00:00:00+00,2015,KR 1A-CL 1 89,CON HERIDOS,ATROPELLO,SANTA FE,2015/05/30 09:50:00+00,4.5822691,-74.07657474,3001769,100948
-74.123203388,4.68318967984629,422,A000689251,4498190,2017/10/30 00:00:00+00,2017,CL 26-KR 92 02,SOLO DANOS,CHOQUE,FONTIBON,2017/10/30 15:10:00+00,4.68318968,-74.12320339,9001379,3
-74.091031894,4.62522365684817,423,A000598952,4475353,2017/03/10 00:00:00+00,2017,AV AVENIDA DE LAS AMERICAS-KR 36 02,CON HERIDOS,CAIDA DE OCUPANTE,PUENTE ARANDA,2017/03/10 11:30:00+00,4.62522366,-74.09103189,13002146,50015611
-74.0381080669999,4.79948738584252,424,A000599852,4476850,2017/03/24 00:00:00+00,2017,AK 45-CL 228 02,SOLO DANOS,CHOQUE,USAQUEN,2017/03/24 03:45:00+00,4.79948739,-74.03810807,1006267,3548
-74.12664721,4.64935017784736,427,A000693873,4503517,2017/12/19 00:00:00+00,2017,AV AVENIDA BOYACA-CL 13 2,CON HERIDOS,CAIDA DE OCUPANTE,FONTIBON,2017/12/19 09:40:00+00,4.64935018,-74.12664721,9003941,33027
-74.140385338,4.67596788084655,431,A284518,4426653,2015/10/15 00:00:00+00,2015,AC 22-KR 98A 03,SOLO DANOS,CHOQUE,FONTIBON,2015/10/15 22:00:00+00,4.67596788,-74.14038534,9002110,201121
-74.102562486,4.65495196784719,433,A000551152,4468216,2016/12/21 00:00:00+00,2016,DG 44-KR 68 02,SOLO DANOS,CHOQUE,ENGATIVA,2016/12/21 16:00:00+00,4.65495197,-74.10256249,13000027,42102
-74.049012121,4.70460438784561,436,A000690975,4499578,2017/11/14 00:00:00+00,2017,AK 19-CL 125 02,SOLO DANOS,CHOQUE,USAQUEN,2017/11/14 13:10:00+00,4.70460439,-74.04901212,30001075,50014958
-74.0772715269999,4.60705167584874,437,A6167,4414015,2015/05/27 00:00:00+00,2015,AV AVENIDA CARACAS-CL 17 18,SOLO DANOS,CHOQUE,SANTA FE,2015/05/27 16:30:00+00,4.60705168,-74.07727153,3000530,53013
-74.06441189,4.70889091984545,443,A000761887,4510962,2018/03/08 00:00:00+00,2018,CL 127-KR 55 2,SOLO DANOS,CHOQUE,SUBA,2018/03/08 11:30:00+00,4.70889092,-74.06441189,11010352,52024
-74.1114491499999,4.70898566984545,447,A000605360,4483783,2017/06/03 00:00:00+00,2017,CL 80-KR 98 02,SOLO DANOS,CHOQUE,ENGATIVA,2017/06/03 20:30:00+00,4.70898567,-74.11144915,10003679,20594
-74.1075134399999,4.65725745784714,455,A000042488,4403397,2015/01/28 00:00:00+00,2015,KR 69-CL 25B 02,SOLO DANOS,CHOQUE,FONTIBON,2015/01/28 18:30:00+00,4.65725746,-74.10751344,9003716,228387
-74.1089159809999,4.58926398684933,457,A000279000,4431271,2015/12/06 00:00:00+00,2015,AV AVENIDA PRIMERO DE MAYO-KR 27 02,CON HERIDOS,CHOQUE,ANTONIO NARINO,2015/12/06 20:00:00+00,4.58926399,-74.10891598,18000050,238178
-74.141971682,4.65382482784724,458,A000693011,4501741,2017/12/03 00:00:00+00,2017,AV AVENIDA CIUDAD DE CALI-CL 13A 2,SOLO DANOS,CHOQUE,KENNEDY,2017/12/03 11:00:00+00,4.65382483,-74.14197168,8000170,144746
-74.139,4.56199999985025,459,A001240623,10533302,2021/02/15 00:00:00+00,2021,AV AVENIDA BOYACA - CL 60 S 11,SOLO DANOS,CHOQUE,CIUDAD BOLIVAR,2021/02/15 22:42:00+00,4.562,-74.139,19006589,
-74.1609999999999,4.5899999998493,461,A001303653,10540531,2021/05/22 00:00:00+00,2021,CL 62 B  S- KR 70 C  02,SOLO DANOS,CHOQUE,CIUDAD BOLIVAR,2021/05/22 14:30:00+00,4.59,-74.161,19000942,
-74.1617223499999,4.5929858468492,463,A001301332,10542795,2021/06/20 00:00:00+00,2021,KR 70 C  - CL 57 R S 02,SOLO DANOS,CHOQUE,CIUDAD BOLIVAR,2021/06/20 11:50:00+00,4.59298585,-74.16172235,19000406,
-74.163,4.56899999985003,464,A001298762,10539431,2021/05/08 00:00:00+00,2021,KR 43 - CL 73 S 02,CON HERIDOS,CHOQUE,CIUDAD BOLIVAR,2021/05/08 17:25:00+00,4.569,-74.163,19005179,
-74.137265513,4.55448147485047,465,A000341679,4437325,2016/02/20 00:00:00+00,2016,AV AVENIDA BOYACA-KR 64 S 02,CON HERIDOS,CHOQUE,CIUDAD BOLIVAR,2016/02/20 23:40:00+00,4.55448147,-74.13726551,19007821,248495
-74.162,4.48799999985265,467,A001305382,10547358,2021/08/18 00:00:00+00,2021,KR 70 C  - CL 62  S 02,SOLO DANOS,CHOQUE,CIUDAD BOLIVAR,2021/08/18 11:30:00+00,4.488,-74.162,,
-74.1409083359999,4.55950163885034,469,A001296957,10537405,2021/04/04 00:00:00+00,2021,TV 18 R - CL 61 S 35,SOLO DANOS,CHOQUE,CIUDAD BOLIVAR,2021/04/04 01:34:00+00,4.55950164,-74.14090834,50001156,
-74.1439999999999,4.56699999985009,471,A001339460,10546907,2021/08/13 00:00:00+00,2021,CL 61  S- KR 22  02,SOLO DANOS,CHOQUE,CIUDAD BOLIVAR,2021/08/13 19:00:00+00,4.567,-74.144,50005800,
-74.134,4.53999999985092,474,A001232174,10536994,2021/03/30 00:00:00+00,2021,AV AVENIDA BOYACA - CL 15 S 02,SOLO DANOS,CHOQUE,CIUDAD BOLIVAR,2021/03/30 12:30:00+00,4.54,-74.134,19011377,
-74.1802186629999,4.59707353684907,475,A000645504,4488686,2017/07/25 00:00:00+00,2017,AV AVENIDA DEL SUR-KR 76A 77,SOLO DANOS,CHOQUE,BOSA,2017/07/25 17:10:00+00,4.59707354,-74.18021866,19000004,57128
-74.1016998059999,4.70349937184565,476,A8826,4417252,2015/07/04 00:00:00+00,2015,CL 80-KR 86 02,CON HERIDOS,ATROPELLO,ENGATIVA,2015/07/04 17:10:00+00,4.70349937,-74.10169981,10004833,17023
-74.115996045,4.48886042085259,478,A000763362,4514064,2018/04/06 00:00:00+00,2018,CL 115-KR 7C SE 02,CON HERIDOS,CHOQUE,USME,2018/04/06 22:05:00+00,4.48886042,-74.11599605,5007925,163234
-74.18,4.58299999984953,485,A001299534,10539651,2021/05/10 00:00:00+00,2021,KR 77 C S- CL 64 02,SOLO DANOS,CHOQUE,CIUDAD BOLIVAR,2021/05/10 23:00:00+00,4.583,-74.18,30001433,
-74.1038341249999,4.69921255684578,488,A000199504,4411200,2015/04/24 00:00:00+00,2015,AV AVENIDA CIUDAD DE CALI-CL 75 02,SOLO DANOS,CHOQUE,ENGATIVA,2015/04/24 19:00:00+00,4.69921256,-74.10383413,10005853,221098
-74.127086442,4.64917284884737,489,A000345583,4441537,2016/04/06 00:00:00+00,2016,CL 17-KR 72 02,CON HERIDOS,CHOQUE,FONTIBON,2016/04/06 19:50:00+00,4.64917285,-74.12708644,9004336,33017
-74.154339254,4.67250496984662,490,A000406218,4451241,2016/07/11 00:00:00+00,2016,KR 106-CL 15A 02,CON HERIDOS,ATROPELLO,FONTIBON,2016/07/11 13:10:00+00,4.67250497,-74.15433925,9002462,31093
-74.0930778109999,4.60305246484892,492,A20508,4466916,2016/12/09 00:00:00+00,2016,CL 6-KR 24 02,SOLO DANOS,CHOQUE,LOS MARTIRES,2016/12/09 13:45:00+00,4.60305247,-74.09307781,14000816,54006
-74.141403383,4.56219074785021,493,A001239715,10532707,2021/02/08 00:00:00+00,2021,CL 56 S- KR 19 02,SOLO DANOS,CHOQUE,CIUDAD BOLIVAR,2021/02/08 19:30:00+00,4.56219075,-74.14140338,19006544,
-74.151,4.56599999985008,494,A001340575,10548912,2021/09/04 00:00:00+00,2021,DG 62  S- KR 22 A  02,SOLO DANOS,CHOQUE,CIUDAD BOLIVAR,2021/09/04 11:00:00+00,4.566,-74.151,19005909,
-74.1559999999999,4.54999999985064,495,A001240898,10533898,2021/02/22 00:00:00+00,2021,CL 68 F S- KR 63 3,CON HERIDOS,ATROPELLO,CIUDAD BOLIVAR,2021/02/22 19:10:00+00,4.55,-74.156,,
-74.084164328,4.65367846584723,496,A000693892,4504410,2017/12/28 00:00:00+00,2017,CL 63-KR 50 2,SOLO DANOS,CHOQUE,TEUSAQUILLO,2017/12/28 17:02:00+00,4.65367847,-74.08416433,13002557,41338
-74.055923434,4.72168191484502,500,A000340514,4437553,2016/02/23 00:00:00+00,2016,CL 134D-KR 50 02,SOLO DANOS,CHOQUE,SUBA,2016/02/23 07:40:00+00,4.72168191,-74.05592343,11008883,222108
-74.136634203,4.55276661485053,501,A000041516,4402879,2015/01/23 00:00:00+00,2015,AV AVENIDA BOYACA-CL 65A S 02,CON HERIDOS,CHOQUE,CIUDAD BOLIVAR,2015/01/23 07:30:00+00,4.55276662,-74.1366342,19008348,248222
-74.06852572,4.72970660984478,503,A000764370,4513745,2018/04/05 00:00:00+00,2018,KR 72-CL 138 02,CON HERIDOS,CHOQUE,SUBA,2018/04/05 07:15:00+00,4.72970661,-74.06852572,11012304,214130
-74.052749663,4.71919400984509,504,A284338,4426753,2015/10/17 00:00:00+00,2015,CL 134-KR 45A 02,CON HERIDOS,ATROPELLO,SUBA,2015/10/17 11:45:00+00,4.71919401,-74.05274966,11009341,202475
-74.1589999999999,4.58299999984953,505,A001303138,10539934,2021/05/16 00:00:00+00,2021,AC 68  S- TV 69  02,CON HERIDOS,ATROPELLO,CIUDAD BOLIVAR,2021/05/16 23:20:00+00,4.583,-74.159,19001926,
-74.1369999999999,4.5469999998507,506,A001299537,10539937,2021/05/16 00:00:00+00,2021,AV AVENIDA BOYACA - CL 71  S 02,CON HERIDOS,ATROPELLO,CIUDAD BOLIVAR,2021/05/16 13:10:00+00,4.547,-74.137,50007749,
-74.145,4.56799999985003,508,A001339636,10547294,2021/08/17 00:00:00+00,2021,CL 61  S- KR 22 G  02,SOLO DANOS,CHOQUE,CIUDAD BOLIVAR,2021/08/17 15:15:00+00,4.568,-74.145,19005447,
-74.1614448,4.59281454584923,511,A001236392,10532070,2021/01/22 00:00:00+00,2021,KR 70 C - CL 57 S 02,SOLO DANOS,CHOQUE,CIUDAD BOLIVAR,2021/01/22 10:20:00+00,4.59281455,-74.1614448,19000406,
-74.155,4.56499999985014,512,A001305574,10546186,2021/08/04 00:00:00+00,2021,TV 22  - CL 69 C S 46,CON HERIDOS,ATROPELLO,CIUDAD BOLIVAR,2021/08/04 15:50:00+00,4.565,-74.155,19006169,
-74.151,4.55799999985037,515,A001240594,10533956,2021/02/22 00:00:00+00,2021,KR 19 C - CL 65 S 02,CON HERIDOS,ATROPELLO,CIUDAD BOLIVAR,2021/02/22 00:13:00+00,4.558,-74.151,19007223,
-74.1439999999999,4.54499999985081,516,A001305226,10545391,2021/07/24 00:00:00+00,2021,KR 18 B BIS - CL 73 A S 02,SOLO DANOS,CHOQUE,CIUDAD BOLIVAR,2021/07/24 14:47:00+00,4.545,-74.144,19010222,
-74.092291589,4.55074470885062,521,A6264,4414996,2015/06/06 00:00:00+00,2015,KR 4-CL 40 ES 02,CON HERIDOS,CAIDA DE OCUPANTE,SAN CRISTOBAL,2015/06/06 10:00:00+00,4.55074471,-74.09229159,4003871,130414
-74.0958961379999,4.60516364984884,525,A000641101,4485996,2017/06/28 00:00:00+00,2017,CL 6-KR 27 02,CON HERIDOS,CHOQUE,LOS MARTIRES,2017/06/28 04:20:00+00,4.60516365,-74.09589614,14000671,54734
-74.1609999999999,4.58899999984936,527,A001303801,10540653,2021/05/24 00:00:00+00,2021,CL 63  S- KR 70 C  02,CON HERIDOS,CHOQUE,CIUDAD BOLIVAR,2021/05/24 18:20:00+00,4.589,-74.161,50006202,
-74.1559999999999,4.57799999984969,529,A001296335,10536581,2021/03/26 00:00:00+00,2021,CL 68 S- KR 49 02,CON HERIDOS,CHOQUE,CIUDAD BOLIVAR,2021/03/26 06:26:00+00,4.578,-74.156,19003041,
-74.1609999999999,4.58799999984936,533,A001238124,10536687,2021/03/27 00:00:00+00,2021,KR 70 C - CL 64 S 02,CON HERIDOS,CHOQUE,CIUDAD BOLIVAR,2021/03/27 11:55:00+00,4.588,-74.161,50006122,
-74.169,4.5899999998493,536,A001304250,10545340,2021/07/23 00:00:00+00,2021,CL 62 D  S- KR 73  02,SOLO DANOS,CHOQUE,CIUDAD BOLIVAR,2021/07/23 03:20:00+00,4.59,-74.169,19001000,
-74.134,4.53999999985092,537,A001341520,10548582,2021/09/02 00:00:00+00,2021,CL 71 B  S- KR 15  02,SOLO DANOS,CHOQUE,CIUDAD BOLIVAR,2021/09/02 21:46:00+00,4.54,-74.134,19011377,
-74.168,4.57199999984991,538,A001234365,10531098,2021/01/12 00:00:00+00,2021,TV 50 - CL 76 S 02,SOLO DANOS,CHOQUE,CIUDAD BOLIVAR,2021/01/12 11:30:00+00,4.572,-74.168,19004275,
-74.138,4.55499999985047,539,A001305832,10546796,2021/08/06 00:00:00+00,2021,AV AVENIDA BOYACA - CL 64 A BIS S 02,CON HERIDOS,CHOQUE,CIUDAD BOLIVAR,2021/08/06 23:50:00+00,4.555,-74.138,19007788,
-74.145248914,4.56559454385008,540,A001341819,10549233,2021/09/09 00:00:00+00,2021,CL 63  S- KR 21  8,CON HERIDOS,ATROPELLO,CIUDAD BOLIVAR,2021/09/09 19:00:00+00,4.56559454,-74.14524891,19005917,
-74.163,4.58899999984936,541,A001236903,10531365,2021/01/07 00:00:00+00,2021,CL 63 S- TV 70 02,CON HERIDOS,ATROPELLO,CIUDAD BOLIVAR,2021/01/07 17:49:00+00,4.589,-74.163,19001167,
-74.068549428,4.69868301284578,542,A000201061,4413141,2015/05/15 00:00:00+00,2015,CL 115-KR 58 02,SOLO DANOS,CHOQUE,SUBA,2015/05/15 12:15:00+00,4.69868301,-74.06854943,50007184,268171
-74.053826594,4.65759949084712,544,A000552811,4475903,2017/03/16 00:00:00+00,2017,KR 7-CL 75 02,SOLO DANOS,CHOQUE,CHAPINERO,2017/03/16 16:00:00+00,4.65759949,-74.05382659,2001048,38082
-74.1383738819999,4.54342452885084,547,A000602913,4478937,2017/04/18 00:00:00+00,2017,CL 74A-KR 17A S 02,CON HERIDOS,CHOQUE,CIUDAD BOLIVAR,2017/04/18 09:10:00+00,4.54342453,-74.13837388,19010662,146889
-74.0748576509999,4.63146803884795,548,A000640745,4485206,2017/06/17 00:00:00+00,2017,CL 41-KR 22 02,SOLO DANOS,CHOQUE,TEUSAQUILLO,2017/06/17 10:30:00+00,4.63146804,-74.07485765,13001712,193016
-74.049938856,4.72811624784482,549,A680,4404205,2015/02/07 00:00:00+00,2015,AK 45-CL 145A 02,SOLO DANOS,CHOQUE,USAQUEN,2015/02/07 14:30:00+00,4.72811625,-74.04993886,1003366,50015319
-74.0946467379999,4.60027834484899,553,A000341897,4437913,2016/02/27 00:00:00+00,2016,KR 24-CL 4B 02,CON HERIDOS,CHOQUE,LOS MARTIRES,2016/02/27 14:10:00+00,4.60027834,-74.09464674,14001041,54016
-74.135280117,4.58687555984944,554,A000817900,10450501,2018/06/06 00:00:00+00,2018,CL 49B-KR 35 S 02,SOLO DANOS,CHOQUE,TUNJUELITO,2018/06/06 06:50:00+00,4.58687556,-74.13528012,6000596,232185
-74.122741418,4.67548626784653,556,A000200214,4411958,2015/05/04 00:00:00+00,2015,AV AVENIDA CIUDAD DE CALI-CL 25 02,SOLO DANOS,CHOQUE,FONTIBON,2015/05/04 10:00:00+00,4.67548627,-74.12274142,,
-74.124190126,4.6518609478473,559,A000473977,4459715,2016/10/05 00:00:00+00,2016,AV AVENIDA BOYACA-CL 19A 02,CON HERIDOS,CHOQUE,FONTIBON,2016/10/05 21:30:00+00,4.65186095,-74.12419013,9003885,228245
-74.075473689,4.58238949884956,561,A000200710,4412272,2015/05/07 00:00:00+00,2015,CL 1ABIS-KR 2A E 02,CON HERIDOS,ATROPELLO,SANTA FE,2015/05/07 18:45:00+00,4.5823895,-74.07547369,3002190,99611
-74.068152552,4.71961883984512,563,A000199366,4411104,2015/04/25 00:00:00+00,2015,AK 58-CL 130 02,CON HERIDOS,CHOQUE,SUBA,2015/04/25 15:50:00+00,4.71961884,-74.06815255,50007214,50014334
-74.131870103,4.62958053484804,564,A000756735,4506446,2018/01/24 00:00:00+00,2018,AV AVENIDA DE LAS AMERICAS-KR 70B 2,SOLO DANOS,CHOQUE,KENNEDY,2018/01/24 18:40:00+00,4.62958054,-74.1318701,8004775,214658
-74.099842778,4.73590705284459,565,A000240215,4424970,2015/09/28 00:00:00+00,2015,AV AVENIDA CIUDAD DE CALI-CL 132 02,CON HERIDOS,CHOQUE,SUBA,2015/09/28 22:00:00+00,4.73590705,-74.09984278,11005964,8478
-74.058539245,4.72600585584488,567,A000695657,4504667,2017/12/27 00:00:00+00,2017,CL 138-KR 54 2,SOLO DANOS,CHOQUE,SUBA,2017/12/27 23:00:00+00,4.72600586,-74.05853925,11012221,31427
-74.0409277959999,4.70386926584559,569,A000817326,10450637,2018/06/08 00:00:00+00,2018,CL 127-KR 14 2,SOLO DANOS,CHOQUE,USAQUEN,2018/06/08 14:53:00+00,4.70386927,-74.0409278,1004509,50014285
-74.1506014679999,4.6456274948475,570,A7156,4415220,2015/06/09 00:00:00+00,2015,KR 86-CL 8 2,SOLO DANOS,CHOQUE,KENNEDY,2015/06/09 15:10:00+00,4.64562749,-74.15060147,50004764,
-74.1239171299999,4.68555298984624,573,A000759673,4509646,2018/02/24 00:00:00+00,2018,TR 93-CL 52 02,SOLO DANOS,CHOQUE,ENGATIVA,2018/02/24 13:45:00+00,4.68555299,-74.12391713,9004155,223511
-74.132467677,4.70491007184561,578,A000401793,4446972,2016/05/29 00:00:00+00,2016,CL 65B-KR 111C 02,SOLO DANOS,CHOQUE,ENGATIVA,2016/05/29 06:30:00+00,4.70491007,-74.13246768,10004321,24698
-74.096257088,4.59510558384917,579,A000338773,4444235,2016/05/04 00:00:00+00,2016,KR 24-CL 1D 02,SOLO DANOS,CHOQUE,LOS MARTIRES,2016/05/04 05:45:00+00,4.59510558,-74.09625709,14001542,53906
-74.060714156,4.6463221118475,581,A000755714,4505219,2018/01/11 00:00:00+00,2018,KR 7-CL 61 2,SOLO DANOS,CHOQUE,CHAPINERO,2018/01/11 16:55:00+00,4.64632211,-74.06071416,2001472,
-74.1138312109999,4.57760596984971,590,A000342060,4439957,2016/03/19 00:00:00+00,2016,KR 18A-CL 32 S 02,SOLO DANOS,CHOQUE,RAFAEL URIBE URIBE,2016/03/19 15:00:00+00,4.57760597,-74.11383121,18001441,131323
-74.161198117,4.58988999884931,597,A9819,4417955,2015/07/11 00:00:00+00,2015,AV AVENIDA CUIDAD DE VILLAVICENCIO-CL 62B S 02,SOLO DANOS,CHOQUE,CIUDAD BOLIVAR,2015/07/11 15:10:00+00,4.58989,-74.16119812,19000942,56225
-74.10473591,4.65638289684719,599,A000648271,4491241,2017/08/22 00:00:00+00,2017,AC 26-KR 68BBIS 02,SOLO DANOS,CHOQUE,ENGATIVA,2017/08/22 20:40:00+00,4.6563829,-74.10473591,10010159,228685
-74.128501592,4.6640988368469,602,A000602763,4479156,2017/04/19 00:00:00+00,2017,CL 22-KR 82 02,SOLO DANOS,CHOQUE,FONTIBON,2017/04/19 23:10:00+00,4.66409884,-74.12850159,9003412,228290
-74.120737912,4.52801067885132,607,A000471979,4458651,2016/09/24 00:00:00+00,2016,AV AVENIDA CARACAS-CL 66 S 02,SOLO DANOS,CHOQUE,USME,2016/09/24 06:40:00+00,4.52801068,-74.12073791,5007772,178316
-74.0688724409999,4.69597480584586,611,A000649009,4487069,2017/07/10 00:00:00+00,2017,AV AVENIDA SUBA-CL 114 02,SOLO DANOS,CHOQUE,SUBA,2017/07/10 07:50:00+00,4.69597481,-74.06887244,11011216,50013746
-74.15464287,4.57557544984977,615,A000760468,4510300,2018/03/03 00:00:00+00,2018,AV AVENIDA CUIDAD DE VILLAVICENCIO-CL 46A 21,CON MUERTOS,ATROPELLO,CIUDAD BOLIVAR,2018/03/03 15:30:00+00,4.57557545,-74.15464287,19003211,242456
-74.1160780399999,4.55641362285039,616,A4631,4408092,2015/03/20 00:00:00+00,2015,TR 5U-CL 48R S 09,CON HERIDOS,ATROPELLO,RAFAEL URIBE URIBE,2015/03/20 21:43:00+00,4.55641362,-74.11607804,18004791,96955
-74.1099154509999,4.62796972184808,618,A7713,4415955,2015/06/17 00:00:00+00,2015,AV AVENIDA DE LAS AMERICAS-KR 53 02,SOLO DANOS,CHOQUE,PUENTE ARANDA,2015/06/17 19:00:00+00,4.62796972,-74.10991545,16000319,169925
-74.138383988,4.58868996984938,620,A529,4404862,2015/02/07 00:00:00+00,2015,CL 51-TR 44 S 02,SOLO DANOS,CHOQUE,TUNJUELITO,2015/02/07 22:00:00+00,4.58868997,-74.13838399,6000414,50017038
-74.0593182649999,4.63864102584776,622,A000275261,4428397,2015/11/04 00:00:00+00,2015,AV AVENIDA CIRCUNVALAR-CL 53 02,SOLO DANOS,CHOQUE,CHAPINERO,2015/11/04 14:00:00+00,4.63864103,-74.05931827,50006368,50014051
-74.071755023,4.64246244584759,624,A7688,4415639,2015/06/14 00:00:00+00,2015,CL 53ABIS-KR 21 02,SOLO DANOS,CHOQUE,TEUSAQUILLO,2015/06/14 14:05:00+00,4.64246245,-74.07175502,13000973,193406
-74.1476525319999,4.60391792284886,625,A000201309,4413398,2015/05/18 00:00:00+00,2015,KR 72HBIS-CL 42F S 02,SOLO DANOS,CHOQUE,KENNEDY,2015/05/18 23:40:00+00,4.60391792,-74.14765253,50001440,
-74.114039292,4.50796677085198,628,A000813429,10448442,2018/05/15 00:00:00+00,2018,AV AVENIDA BOYACA-KR 14 02,SOLO DANOS,CHOQUE,USME,2018/05/15 19:50:00+00,4.50796677,-74.11403929,50007676,269605
-74.11826755,4.70541460984557,633,A000763480,10455022,2018/03/22 00:00:00+00,2018,KR 103-CL 72 02,SOLO DANOS,CHOQUE,ENGATIVA,2018/03/22 17:10:00+00,4.70541461,-74.11826755,10004190,22805
-74.0991318,4.74599514384426,635,A000474627,4462783,2016/11/02 00:00:00+00,2016,CL 142-KR 108A 02,SOLO DANOS,CHOQUE,SUBA,2016/11/02 12:30:00+00,4.74599514,-74.0991318,11003055,8511
-74.145555799,4.63111276384795,637,A000692305,4501541,2017/12/02 00:00:00+00,2017,AV AVENIDA DE LAS AMERICAS-CL 78B 63,CON HERIDOS,CAIDA DE OCUPANTE,KENNEDY,2017/12/02 09:54:00+00,4.63111276,-74.1455558,8004360,50013173
-74.085821644,4.6552724058472,641,A000477306,4463113,2016/11/05 00:00:00+00,2016,AC 63-KR 57 02,CON HERIDOS,ATROPELLO,TEUSAQUILLO,2016/11/05 13:30:00+00,4.65527241,-74.08582164,13000023,228788
-74.129455733,4.58262193384954,643,A000238197,4423769,2015/09/15 00:00:00+00,2015,CL 47-KR 27 S 02,CON HERIDOS,CHOQUE,RAFAEL URIBE URIBE,2015/09/15 06:15:00+00,4.58262193,-74.12945573,18000643,238833
-74.113292714,4.54949192485063,648,A000686359,4495385,2017/10/01 00:00:00+00,2017,CL 49BIS-KR 5F S 2,SOLO DANOS,CHOQUE,RAFAEL URIBE URIBE,2017/10/01 15:30:00+00,4.54949192,-74.11329271,18005292,98385
-74.028937035,4.70232963384564,651,A000341610,4439295,2016/03/12 00:00:00+00,2016,CL 127-KR 7 83,SOLO DANOS,CHOQUE,USAQUEN,2016/03/12 11:46:00+00,4.70232963,-74.02893704,1004648,50014291
-74.100323709,4.60331849684886,652,A000040527,4401928,2015/01/09 00:00:00+00,2015,KR 30-CL 3 02,SOLO DANOS,CHOQUE,LOS MARTIRES,2015/01/09 17:15:00+00,4.6033185,-74.10032371,14001716,54242
-74.086350538,4.69637081984584,656,A000402914,4447816,2016/06/09 00:00:00+00,2016,DG 83A-KR 72 02,SOLO DANOS,CHOQUE,ENGATIVA,2016/06/09 08:30:00+00,4.69637082,-74.08635054,10010119,50014119
-74.125199961,4.56962546784996,659,A000402737,4447612,2016/06/04 00:00:00+00,2016,TR 14-DG 46 S 02,SOLO DANOS,CHOQUE,RAFAEL URIBE URIBE,2016/06/04 23:00:00+00,4.56962547,-74.12519996,50005676,50015676
-74.1902064179999,4.6424557848476,662,A000041879,4402612,2015/01/20 00:00:00+00,2015,CL 54-KR 100 S 02,CON HERIDOS,CHOQUE,BOSA,2015/01/20 11:00:00+00,4.64245578,-74.19020642,7008530,
-74.0774466949999,4.65907242884707,665,A000341012,4436570,2016/02/12 00:00:00+00,2016,AK 30-CL 64 02,SOLO DANOS,CHOQUE,BARRIOS UNIDOS,2016/02/12 11:15:00+00,4.65907243,-74.0774467,50006960,50013333
-74.142478775,4.58740209884939,666,A9331,4417965,2015/07/11 00:00:00+00,2015,KR 38A-CL 54 S 02,SOLO DANOS,CHOQUE,TUNJUELITO,2015/07/11 08:30:00+00,4.5874021,-74.14247878,6000574,232931
-74.061351363,4.65291568784729,672,A000472042,4458008,2016/09/18 00:00:00+00,2016,KR 11-CL 67 20,SOLO DANOS,CHOQUE,CHAPINERO,2016/09/18 10:10:00+00,4.65291569,-74.06135136,2001209,50013570
-74.160878501,4.63671540284779,677,A000278466,4432038,2015/12/09 00:00:00+00,2015,AV AVENIDA CIUDAD DE CALI-CL 34 S 06,CON HERIDOS,ATROPELLO,KENNEDY,2015/12/09 19:50:00+00,4.6367154,-74.1608785,50006736,50015354
-74.028272041,4.67474251784659,678,A000555599,4472986,2017/02/15 00:00:00+00,2017,DG 100ABIS-KR 3 38,SOLO DANOS,CHOQUE,CHAPINERO,2017/02/15 12:20:00+00,4.67474252,-74.02827204,2002352,
-74.0949108469999,4.68728113684618,685,A000640391,4484772,2017/06/13 00:00:00+00,2017,KR 72-CL 72 02,SOLO DANOS,CHOQUE,ENGATIVA,2017/06/13 05:20:00+00,4.68728114,-74.09491085,10007526,221146
-74.180015117,4.5970873748491,688,A000602320,4478676,2017/04/12 00:00:00+00,2017,AV AVENIDA DEL SUR-CL 64B S 70,SOLO DANOS,CHOQUE,BOSA,2017/04/12 08:15:00+00,4.59708738,-74.18001512,19000003,57988
-74.164,4.56199999985025,689,A001297116,10537272,2021/04/06 00:00:00+00,2021,KR 26 C - CL 72 S 02,CON HERIDOS,ATROPELLO,CIUDAD BOLIVAR,2021/04/06 18:40:00+00,4.562,-74.164,19006586,
-74.0429542219999,4.68818242884613,693,A000041245,4401969,2015/01/12 00:00:00+00,2015,KR 9-CL 104A 51,SOLO DANOS,CHOQUE,USAQUEN,2015/01/12 16:00:00+00,4.68818243,-74.04295422,1005649,175115
-74.103692199,4.61951879084839,694,A000694971,4504069,2017/12/23 00:00:00+00,2017,KR 42A-CL 10A 02,SOLO DANOS,CHOQUE,PUENTE ARANDA,2017/12/23 21:03:00+00,4.61951879,-74.1036922,16001063,193607
-74.175,4.59299999984925,695,A001341375,10548551,2021/09/01 00:00:00+00,2021,KR 75  - CL 58 C S 3,CON HERIDOS,ATROPELLO,CIUDAD BOLIVAR,2021/09/01 11:40:00+00,4.593,-74.175,19013562,
-74.129401048,4.70860822184548,697,A000692639,4504930,2018/01/06 00:00:00+00,2018,KR 111C-CL 70B 82,SOLO DANOS,CHOQUE,ENGATIVA,2018/01/06 21:00:00+00,4.70860822,-74.12940105,10003302,
-74.058766674,4.65732185184713,700,A000647463,4490047,2017/08/11 00:00:00+00,2017,CL 72-KR 11 2,SOLO DANOS,CHOQUE,CHAPINERO,2017/08/11 04:00:00+00,4.65732185,-74.05876667,2001060,38022
-74.10990485,4.60131826784896,701,A1739,4405551,2015/02/19 00:00:00+00,2015,CL 85-KR 35 S 02,SOLO DANOS,CHOQUE,PUENTE ARANDA,2015/02/19 05:30:00+00,4.60131827,-74.10990485,16003238,237657
-74.089291885,4.57954496884965,704,A000277972,4430750,2015/11/29 00:00:00+00,2015,KR 8-CL 13 ES 34,SOLO DANOS,CHOQUE,SAN CRISTOBAL,2015/11/29 19:15:00+00,4.57954497,-74.08929189,4000247,240884
-74.062733613,4.65364774884728,705,A940,4404810,2015/02/16 00:00:00+00,2015,KR 13-CL 67 02,CON HERIDOS,ATROPELLO,CHAPINERO,2015/02/16 17:20:00+00,4.65364775,-74.06273361,2001182,39375
-74.118237713,4.52572315585139,706,A000551014,4468710,2016/12/26 00:00:00+00,2016,CL 69-KR 12 S 22,CON HERIDOS,ATROPELLO,USME,2016/12/26 15:20:00+00,4.52572316,-74.11823771,5000710,178305
-74.161961929,4.59520050084913,707,A001241308,10535816,2021/03/16 00:00:00+00,2021,AV AVENIDA CIUDAD DE VILLAVICENCIO - AV AVENIDA DEL SUR 02,SOLO DANOS,CHOQUE,CIUDAD BOLIVAR,2021/03/16 21:10:00+00,4.5952005,-74.16196193,30001801,
-74.14,4.56199999985025,708,A001299042,10539043,2021/04/01 00:00:00+00,2021,KR 19 B - CL 61 S 02,CON HERIDOS,CHOQUE,CIUDAD BOLIVAR,2021/04/01 12:49:00+00,4.562,-74.14,19006596,
-74.124153096,4.65156472484734,709,A000812271,4515072,2018/04/16 00:00:00+00,2018,KR 72-CL 19 02,SOLO DANOS,CHOQUE,FONTIBON,2018/04/16 17:40:00+00,4.65156473,-74.1241531,9003935,228233
-74.101470256,4.61285464884857,710,A716,4404462,2015/02/08 00:00:00+00,2015,CL 08-KR 35 S 00,SOLO DANOS,CHOQUE,PUENTE ARANDA,2015/02/08 12:00:00+00,4.61285465,-74.10147026,16001886,138145
-74.125649261,4.67232432884664,712,A000688925,4498117,2017/10/29 00:00:00+00,2017,CL 24-KR 86 02,CON HERIDOS,CHOQUE,FONTIBON,2017/10/29 19:45:00+00,4.67232433,-74.12564926,50006977,50015622
-74.100834143,4.64944916184739,714,A000602305,4478531,2017/04/08 00:00:00+00,2017,AC 26-KR 66 02,SOLO DANOS,CHOQUE,TEUSAQUILLO,2017/04/08 12:50:00+00,4.64944916,-74.10083414,13000317,3
